row_id,order_id,order_date,ship_date,ship_mode,customer_id,customer_name,segment,country,city,state,postal_code,region,product_id,category,sub_category,product_name,sales,anomaly_flag
11,CA-2015-115812,2015-06-09,2015-06-14,Standard Class,BH-11710,Brosina Hoffman,Consumer,United States,Los Angeles,California,90032,West,FUR-TA-10001539,Furniture,Tables,Chromcraft Rectangular Conference Tables,1706.184,-1
28,US-2016-150630,2016-09-17,2016-09-21,Standard Class,TB-21520,Tracy Blumstein,Consumer,United States,Philadelphia,Pennsylvania,19140,East,FUR-BO-10004834,Furniture,Bookcases,"Riverside Palais Royal Lawyers Bookcase, Royale Cherry Finish",3083.43,-1
150,CA-2017-114489,2017-12-05,2017-12-09,Standard Class,JE-16165,Justin Ellison,Corporate,United States,Franklin,Wisconsin,53132,Central,FUR-CH-10000454,Furniture,Chairs,"Hon Deluxe Fabric Upholstered Stacking Chairs, Rounded Back",1951.84,-1
166,CA-2015-139892,2015-09-08,2015-09-12,Standard Class,BM-11140,Becky Martin,Consumer,United States,San Antonio,Texas,78207,Central,TEC-MA-10000822,Technology,Machines,Lexmark MX611dhe Monochrome Laser Printer,8159.952,-1
168,CA-2015-139892,2015-09-08,2015-09-12,Standard Class,BM-11140,Becky Martin,Consumer,United States,San Antonio,Texas,78207,Central,FUR-CH-10004287,Furniture,Chairs,SAFCO Arco Folding Chair,1740.06,-1
245,CA-2015-131926,2015-06-01,2015-06-06,Second Class,DW-13480,Dianna Wilson,Home Office,United States,Lakeville,Minnesota,55044,Central,FUR-CH-10004063,Furniture,Chairs,Global Deluxe High-Back Manager's Chair,2001.86,-1
252,CA-2017-145625,2017-09-11,2017-09-17,Standard Class,KC-16540,Kelly Collister,Consumer,United States,San Diego,California,92037,West,TEC-AC-10003832,Technology,Accessories,Logitech P710e Mobile Speakerphone,3347.37,-1
263,US-2015-106992,2015-09-19,2015-09-21,Second Class,SB-20290,Sean Braxton,Corporate,United States,Houston,Texas,77036,Central,TEC-MA-10000822,Technology,Machines,Lexmark MX611dhe Monochrome Laser Printer,3059.982,-1
264,US-2015-106992,2015-09-19,2015-09-21,Second Class,SB-20290,Sean Braxton,Corporate,United States,Houston,Texas,77036,Central,TEC-MA-10003353,Technology,Machines,Xerox WorkCentre 6505DN Laser Multifunction Printer,2519.958,-1
319,CA-2015-164973,2015-11-04,2015-11-09,Standard Class,NM-18445,Nathan Mautz,Home Office,United States,New York City,New York,10024,East,TEC-MA-10002927,Technology,Machines,Canon imageCLASS MF7460 Monochrome Digital Laser Multifunction Copier,3991.98,-1
354,CA-2017-129714,2017-09-01,2017-09-03,First Class,AB-10060,Adam Bellavance,Home Office,United States,New York City,New York,10009,East,OFF-BI-10004995,Office Supplies,Binders,GBC DocuBind P400 Electric Binding System,4355.168,-1
393,US-2015-135972,2015-09-21,2015-09-23,Second Class,JG-15115,Jack Garza,Consumer,United States,Des Moines,Washington,98198,West,TEC-CO-10002313,Technology,Copiers,Canon PC1080F Personal Copier,1799.97,-1
400,CA-2017-108987,2017-09-08,2017-09-10,Second Class,AG-10675,Anna Gayman,Consumer,United States,Houston,Texas,77036,Central,FUR-BO-10004834,Furniture,Bookcases,"Riverside Palais Royal Lawyers Bookcase, Royale Cherry Finish",2396.2656,-1
488,CA-2015-154627,2015-10-29,2015-10-31,First Class,SA-20830,Sue Ann Reed,Consumer,United States,Chicago,Illinois,60610,Central,TEC-PH-10001363,Technology,Phones,Apple iPhone 5S,2735.952,-1
510,CA-2016-145352,2016-03-16,2016-03-22,Standard Class,CM-12385,Christopher Martinez,Consumer,United States,Atlanta,Georgia,30318,South,OFF-BI-10003527,Office Supplies,Binders,Fellowes PB500 Electric Punch Plastic Comb Binding Machine with Manual Bind,6354.95,-1
516,CA-2018-127432,2018-01-22,2018-01-27,Standard Class,AD-10180,Alan Dominguez,Home Office,United States,Great Falls,Montana,59405,West,TEC-CO-10003236,Technology,Copiers,Canon Image Class D660 Copier,2999.95,-1
684,US-2018-168116,2018-11-04,2018-11-04,Same Day,GT-14635,Grant Thornton,Corporate,United States,Burlington,North Carolina,27217,South,TEC-MA-10004125,Technology,Machines,Cubify CubeX 3D Printer Triple Head Print,7999.98,-1
722,CA-2017-142335,2017-12-15,2017-12-19,Standard Class,MP-17965,Michael Paige,Corporate,United States,Detroit,Michigan,48205,Central,FUR-TA-10000198,Furniture,Tables,Chromcraft Bull-Nose Wood Oval Conference Tables & Bases,1652.94,-1
807,CA-2015-134313,2015-11-01,2015-11-07,Standard Class,RA-19915,Russell Applegate,Consumer,United States,Denver,Colorado,80219,West,TEC-PH-10001795,Technology,Phones,ClearOne CHATAttach 160 - speaker phone,1983.968,-1
911,CA-2018-137596,2018-09-02,2018-09-07,Standard Class,BE-11335,Bill Eplett,Home Office,United States,Jackson,Michigan,49201,Central,TEC-AC-10004666,Technology,Accessories,Maxell iVDR EX 500GB Cartridge,1928.78,-1
950,US-2018-110576,2018-11-28,2018-12-02,Standard Class,RB-19795,Ross Baird,Home Office,United States,Philadelphia,Pennsylvania,19120,East,FUR-TA-10004154,Furniture,Tables,"Riverside Furniture Oval Coffee Table, Oval End Table, End Table with Drawer",2065.32,-1
978,CA-2018-159366,2018-01-07,2018-01-10,First Class,BW-11110,Bart Watters,Corporate,United States,Detroit,Michigan,48205,Central,TEC-MA-10000822,Technology,Machines,Lexmark MX611dhe Monochrome Laser Printer,3059.982,-1
995,CA-2015-117639,2015-05-21,2015-05-25,Standard Class,MW-18235,Mitch Willingham,Corporate,United States,Virginia Beach,Virginia,23464,South,OFF-BI-10003925,Office Supplies,Binders,Fellowes PB300 Plastic Comb Binding Machine,2715.93,-1
1002,CA-2016-124891,2016-07-31,2016-07-31,Same Day,RH-19495,Rick Hansen,Consumer,United States,New York City,New York,10024,East,TEC-AC-10003033,Technology,Accessories,Plantronics CS510 - Over-the-Head monaural Wireless Headset System,2309.65,-1
1086,US-2017-143819,2017-03-01,2017-03-05,Standard Class,KD-16270,Karen Daniels,Consumer,United States,Yonkers,New York,10701,East,TEC-MA-10003979,Technology,Machines,Ativa V4110MDD Micro-Cut Shredder,4899.93,-1
1156,CA-2015-136567,2015-12-20,2015-12-21,First Class,PS-19045,Penelope Sewall,Home Office,United States,Harrisonburg,Virginia,22801,South,FUR-TA-10001932,Furniture,Tables,"Chromcraft 48"" x 96"" Racetrack Double Pedestal Table",2244.48,-1
1220,US-2018-118087,2018-09-09,2018-09-13,Standard Class,SP-20620,Stefania Perrino,Corporate,United States,Philadelphia,Pennsylvania,19134,East,TEC-PH-10002200,Technology,Phones,Samsung Galaxy Note 2,1931.958,-1
1247,CA-2015-168494,2015-12-12,2015-12-14,Second Class,NP-18700,Nora Preis,Consumer,United States,Fresno,California,93727,West,FUR-TA-10003473,Furniture,Tables,Bretford Rectangular Conference Table Tops,3610.848,-1
1251,CA-2018-115602,2018-12-18,2018-12-24,Standard Class,DJ-13630,Doug Jacobs,Consumer,United States,New York City,New York,10009,East,OFF-AP-10000891,Office Supplies,Appliances,Kensington 7 Outlet MasterPiece HOMEOFFICE Power Control Center,1704.56,-1
1434,CA-2015-120768,2015-12-19,2015-12-21,Second Class,IM-15070,Irene Maddox,Consumer,United States,Florence,Alabama,35630,South,FUR-CH-10000513,Furniture,Chairs,High-Back Leather Manager's Chair,1819.86,-1
1439,CA-2016-139731,2016-10-15,2016-10-15,Same Day,JE-15745,Joel Eaton,Consumer,United States,Amarillo,Texas,79109,Central,FUR-CH-10002024,Furniture,Chairs,HON 5400 Series Task Chairs for Big and Tall,2453.43,-1
1445,CA-2017-133725,2017-05-23,2017-05-28,Standard Class,KL-16645,Ken Lonsdale,Consumer,United States,Chicago,Illinois,60623,Central,TEC-PH-10004165,Technology,Phones,Mitel MiVoice 5330e IP Phone,1979.928,-1
1455,CA-2017-133711,2017-11-26,2017-11-29,First Class,MC-17425,Mark Cousins,Corporate,United States,Mobile,Alabama,36608,South,TEC-MA-10000010,Technology,Machines,Hewlett-Packard Deskjet 3050a All-in-One Color Inkjet Printer,3040.0,-1
1517,CA-2018-148446,2018-12-10,2018-12-14,Second Class,MC-17845,Michael Chen,Consumer,United States,North Las Vegas,Nevada,89031,West,FUR-TA-10004256,Furniture,Tables,Bretford “Just In Time” Height-Adjustable Multi-Task Work Tables,1669.6,-1
1645,CA-2016-111829,2016-03-19,2016-03-20,First Class,FH-14365,Fred Hopkins,Corporate,United States,Seattle,Washington,98115,West,TEC-CO-10001766,Technology,Copiers,Canon PC940 Copier,3149.93,-1
1702,CA-2016-114069,2016-07-13,2016-07-15,Second Class,ND-18370,Natalie DeCherney,Consumer,United States,New York City,New York,10035,East,FUR-CH-10000595,Furniture,Chairs,Safco Contoured Stacking Chairs,1931.04,-1
1712,CA-2018-123491,2018-10-30,2018-11-05,Standard Class,JK-15205,Jamie Kunitz,Consumer,United States,San Francisco,California,94122,West,OFF-AP-10002684,Office Supplies,Appliances,"Acco 7-Outlet Masterpiece Power Center, Wihtout Fax/Phone Line Protection",1702.12,-1
1757,CA-2016-135622,2016-12-08,2016-12-11,Second Class,TT-21460,Tonja Turnell,Home Office,United States,Fort Worth,Texas,76106,Central,TEC-PH-10001817,Technology,Phones,Wilson Electronics DB Pro Signal Booster,1718.4,-1
1792,CA-2015-120474,2015-12-01,2015-12-03,First Class,RP-19390,Resi Pölking,Consumer,United States,Madison,Wisconsin,53711,Central,FUR-CH-10001854,Furniture,Chairs,Office Star - Professional Matrix Back Chair with 2-to-1 Synchro Tilt and Mesh Fabric Seat,2807.84,-1
1804,CA-2018-158379,2018-09-22,2018-09-26,Second Class,JA-15970,Joseph Airdo,Consumer,United States,Philadelphia,Pennsylvania,19134,East,OFF-SU-10002881,Office Supplies,Supplies,Martin Yale Chadless Opener Electric Letter Opener,4663.736,-1
1806,US-2017-116729,2017-12-25,2017-12-28,First Class,GK-14620,Grace Kelly,Corporate,United States,Los Angeles,California,90049,West,TEC-PH-10002200,Technology,Phones,Samsung Galaxy Note 2,2575.944,-1
1897,CA-2018-141789,2018-10-03,2018-10-06,First Class,AC-10450,Amy Cox,Consumer,United States,Minneapolis,Minnesota,55407,Central,OFF-BI-10001359,Office Supplies,Binders,GBC DocuBind TL300 Electric Binding System,1793.98,-1
2183,CA-2017-128818,2017-05-07,2017-05-11,Standard Class,CJ-12010,Caroline Jumper,Consumer,United States,New York City,New York,10009,East,TEC-MA-10000488,Technology,Machines,Bady BDG101FRU Card Printer,3999.95,-1
2419,CA-2017-107202,2017-05-21,2017-05-28,Standard Class,LC-16930,Linda Cazamias,Corporate,United States,Sparks,Nevada,89431,West,TEC-MA-10000112,Technology,Machines,Panasonic KX MB2061 Multifunction Printer,2396.4,-1
2493,CA-2015-144624,2015-11-19,2015-11-23,Standard Class,JM-15865,John Murray,Consumer,United States,Jamestown,New York,14701,East,TEC-PH-10002885,Technology,Phones,Apple iPhone 5,4548.81,-1
2506,CA-2015-143917,2015-07-25,2015-07-27,Second Class,KL-16645,Ken Lonsdale,Consumer,United States,San Francisco,California,94122,West,OFF-SU-10000151,Office Supplies,Supplies,High Speed Automatic Electric Letter Opener,8187.65,-1
2535,US-2018-117723,2018-08-15,2018-08-18,Second Class,DL-13495,Dionis Lloyd,Corporate,United States,Philadelphia,Pennsylvania,19120,East,OFF-ST-10004459,Office Supplies,Storage,Tennsco Single-Tier Lockers,1801.632,-1
2549,US-2016-128090,2016-08-16,2016-08-22,Standard Class,JM-15865,John Murray,Consumer,United States,Phoenix,Arizona,85023,West,TEC-PH-10002624,Technology,Phones,Samsung Galaxy S4 Mini,1879.96,-1
2568,CA-2018-123967,2018-11-01,2018-11-03,Second Class,SF-20200,Sarah Foster,Consumer,United States,Bellingham,Washington,98226,West,FUR-TA-10003954,Furniture,Tables,Hon 94000 Series Round Tables,2665.62,-1
2624,CA-2018-127180,2018-10-22,2018-10-24,First Class,TA-21385,Tom Ashbrook,Home Office,United States,New York City,New York,10024,East,TEC-CO-10004722,Technology,Copiers,Canon imageCLASS 2200 Advanced Copier,11199.968,-1
2625,CA-2018-127180,2018-10-22,2018-10-24,First Class,TA-21385,Tom Ashbrook,Home Office,United States,New York City,New York,10024,East,TEC-PH-10001494,Technology,Phones,Polycom CX600 IP Phone VoIP phone,2399.6,-1
2661,CA-2018-123372,2018-11-28,2018-12-02,Standard Class,DG-13300,Deirdre Greer,Corporate,United States,New York City,New York,10035,East,TEC-PH-10002834,Technology,Phones,Google Nexus 5,1979.89,-1
2698,CA-2015-145317,2015-03-18,2015-03-23,Standard Class,SM-20320,Sean Miller,Home Office,United States,Jacksonville,Florida,32216,South,TEC-MA-10002412,Technology,Machines,Cisco TelePresence System EX90 Videoconferencing Unit,22638.48,-1
2710,CA-2016-121797,2016-01-30,2016-02-06,Standard Class,CC-12145,Charles Crestani,Consumer,United States,Los Angeles,California,90049,West,TEC-MA-10000488,Technology,Machines,Bady BDG101FRU Card Printer,1919.976,-1
2768,CA-2018-167752,2018-01-15,2018-01-18,First Class,RW-19690,Robert Waldorf,Consumer,United States,Philadelphia,Pennsylvania,19134,East,OFF-AP-10002945,Office Supplies,Appliances,Honeywell Enviracaire Portable HEPA Air Cleaner for 17' x 22' Room,1924.16,-1
2849,CA-2018-157854,2018-04-08,2018-04-15,Standard Class,DM-13345,Denise Monton,Corporate,United States,Roswell,Georgia,30076,South,OFF-BI-10001359,Office Supplies,Binders,GBC DocuBind TL300 Electric Binding System,2690.97,-1
3012,CA-2018-134845,2018-04-17,2018-04-23,Standard Class,SR-20425,Sharelle Roach,Home Office,United States,Louisville,Colorado,80027,West,TEC-MA-10000822,Technology,Machines,Lexmark MX611dhe Monochrome Laser Printer,2549.985,-1
3044,CA-2018-149559,2018-09-11,2018-09-12,Same Day,KF-16285,Karen Ferguson,Home Office,United States,Long Beach,California,90805,West,FUR-CH-10002320,Furniture,Chairs,Hon Pagoda Stacking Chairs,2054.272,-1
3056,US-2016-100377,2016-08-28,2016-09-01,Standard Class,TS-21370,Todd Sumrall,Corporate,United States,Chicago,Illinois,60623,Central,TEC-CO-10001046,Technology,Copiers,Canon Imageclass D680 Copier / Fax,2799.96,-1
3071,CA-2015-119375,2015-11-17,2015-11-22,Standard Class,YC-21895,Yoseph Carroll,Corporate,United States,Newark,Delaware,19711,East,OFF-ST-10002011,Office Supplies,Storage,Smead Adjustable Mobile File Trolley with Lockable Top,2934.33,-1
3151,CA-2016-147830,2016-12-15,2016-12-18,First Class,NF-18385,Natalie Fritzler,Consumer,United States,Newark,Ohio,43055,East,TEC-AC-10002049,Technology,Accessories,Plantronics Savi W720 Multi-Device Wireless Headset System,2025.36,-1
3152,CA-2016-147830,2016-12-15,2016-12-18,First Class,NF-18385,Natalie Fritzler,Consumer,United States,Newark,Ohio,43055,East,TEC-MA-10000418,Technology,Machines,Cubify CubeX 3D Printer Double Head Print,1799.994,-1
3274,CA-2018-133865,2018-05-08,2018-05-12,Standard Class,PS-19045,Penelope Sewall,Home Office,United States,Los Angeles,California,90032,West,TEC-CO-10001046,Technology,Copiers,Canon Imageclass D680 Copier / Fax,3359.952,-1
3281,CA-2015-102988,2015-04-05,2015-04-09,Second Class,GM-14695,Greg Maxwell,Corporate,United States,Alexandria,Virginia,22304,South,OFF-SU-10002881,Office Supplies,Supplies,Martin Yale Chadless Opener Electric Letter Opener,4164.05,-1
3296,CA-2018-113418,2018-10-01,2018-10-03,First Class,CM-12655,Corinna Mitchell,Home Office,United States,New York City,New York,10035,East,TEC-MA-10002428,Technology,Machines,Fellowes Powershred HS-440 4-Sheet High Security Shredder,1704.89,-1
3299,CA-2018-136308,2018-11-16,2018-11-16,Same Day,MW-18235,Mitch Willingham,Corporate,United States,San Francisco,California,94122,West,TEC-MA-10000488,Technology,Machines,Bady BDG101FRU Card Printer,1919.976,-1
3385,CA-2016-130659,2016-12-04,2016-12-09,Second Class,MS-17365,Maribeth Schnelling,Consumer,United States,New York City,New York,10035,East,TEC-PH-10004586,Technology,Phones,Wilson SignalBoost 841262 DB PRO Amplifier Kit,1799.75,-1
3444,CA-2018-168858,2018-11-19,2018-11-23,Standard Class,JD-16150,Justin Deggeller,Corporate,United States,New York City,New York,10011,East,OFF-AP-10003849,Office Supplies,Appliances,Hoover Shoulder Vac Commercial Portable Vacuum,2504.74,-1
3570,CA-2018-168109,2018-07-03,2018-07-03,Same Day,JK-15640,Jim Kriz,Home Office,United States,Seattle,Washington,98105,West,TEC-MA-10001148,Technology,Machines,Okidata MB491 Multifunction Printer,2395.2,-1
3571,CA-2018-168109,2018-07-03,2018-07-03,Same Day,JK-15640,Jim Kriz,Home Office,United States,Seattle,Washington,98105,West,TEC-AC-10002049,Technology,Accessories,Plantronics Savi W720 Multi-Device Wireless Headset System,1687.8,-1
3581,CA-2017-104157,2017-07-25,2017-07-29,Standard Class,MT-17815,Meg Tillman,Consumer,United States,Jackson,Mississippi,39212,South,FUR-TA-10004915,Furniture,Tables,"Office Impressions End Table, 20-1/2""H x 24""W x 20""D",2430.08,-1
3589,CA-2018-158729,2018-12-19,2018-12-21,First Class,AC-10450,Amy Cox,Consumer,United States,Lafayette,Louisiana,70506,South,OFF-SU-10002881,Office Supplies,Supplies,Martin Yale Chadless Opener Electric Letter Opener,1665.62,-1
3629,CA-2015-169726,2015-08-09,2015-08-13,Standard Class,JH-15985,Joseph Holt,Consumer,United States,Seattle,Washington,98103,West,OFF-BI-10004600,Office Supplies,Binders,Ibico Ibimaster 300 Manual Binding System,2060.744,-1
3771,CA-2017-155530,2017-12-17,2017-12-21,Standard Class,CM-12160,Charles McCrossin,Consumer,United States,San Francisco,California,94122,West,FUR-TA-10004256,Furniture,Tables,Bretford “Just In Time” Height-Adjustable Multi-Task Work Tables,2003.52,-1
3892,US-2017-163881,2017-11-24,2017-11-30,Standard Class,SP-20860,Sung Pak,Corporate,United States,Los Angeles,California,90036,West,FUR-CH-10001394,Furniture,Chairs,Global Leather Executive Chair,1684.752,-1
3984,CA-2017-135265,2017-07-07,2017-07-09,Second Class,CC-12370,Christopher Conant,Consumer,United States,Los Angeles,California,90045,West,TEC-CO-10003763,Technology,Copiers,Canon PC1060 Personal Laser Copier,2799.96,-1
3987,CA-2018-112333,2018-04-08,2018-04-14,Standard Class,KF-16285,Karen Ferguson,Home Office,United States,Plainfield,New Jersey,7060,East,OFF-ST-10001780,Office Supplies,Storage,Tennsco 16-Compartment Lockers with Coat Rack,2591.56,-1
4056,CA-2015-122931,2015-09-29,2015-10-03,Standard Class,SM-20950,Suzanne McNair,Corporate,United States,Philadelphia,Pennsylvania,19134,East,OFF-ST-10004459,Office Supplies,Storage,Tennsco Single-Tier Lockers,1801.632,-1
4094,CA-2016-102491,2016-08-24,2016-08-28,Standard Class,KW-16435,Katrina Willman,Consumer,United States,Florence,Kentucky,41042,South,TEC-MA-10000864,Technology,Machines,Cisco 9971 IP Video Phone Charcoal,3080.0,-1
4099,CA-2015-116904,2015-09-23,2015-09-28,Standard Class,SC-20095,Sanjit Chand,Consumer,United States,Minneapolis,Minnesota,55407,Central,OFF-BI-10001120,Office Supplies,Binders,Ibico EPK-21 Electric Binding System,9449.95,-1
4129,CA-2015-127299,2015-09-19,2015-09-24,Standard Class,JL-15835,John Lee,Consumer,United States,Charlotte,North Carolina,28205,South,TEC-MA-10001127,Technology,Machines,"HP Designjet T520 Inkjet Large Format Printer - 24"" Color",2624.985,-1
4191,CA-2018-166709,2018-11-17,2018-11-22,Standard Class,HL-15040,Hunter Lopez,Consumer,United States,Newark,Delaware,19711,East,TEC-CO-10004722,Technology,Copiers,Canon imageCLASS 2200 Advanced Copier,10499.97,-1
4219,CA-2018-149881,2018-04-01,2018-04-03,First Class,NC-18535,Nick Crebassa,Corporate,United States,San Francisco,California,94110,West,TEC-MA-10000418,Technology,Machines,Cubify CubeX 3D Printer Double Head Print,4799.984,-1
4278,US-2017-107440,2017-04-16,2017-04-20,Standard Class,BS-11365,Bill Shonely,Corporate,United States,Lakewood,New Jersey,8701,East,TEC-MA-10001047,Technology,Machines,"3D Systems Cube Printer, 2nd Generation, Magenta",9099.93,-1
4298,CA-2018-129021,2018-08-23,2018-08-26,Second Class,PO-18850,Patrick O'Brill,Consumer,United States,Tallahassee,Florida,32303,South,TEC-PH-10001459,Technology,Phones,Samsung Galaxy Mega 6.3,4367.896,-1
4429,CA-2018-119452,2018-03-21,2018-03-27,Standard Class,CL-12565,Clay Ludtke,Consumer,United States,Tulsa,Oklahoma,74133,Central,FUR-CH-10004495,Furniture,Chairs,"Global Leather and Oak Executive Chair, Black",1805.88,-1
4620,CA-2018-145219,2018-12-24,2018-12-25,First Class,RM-19675,Robert Marley,Home Office,United States,Los Angeles,California,90049,West,TEC-CO-10001449,Technology,Copiers,Hewlett Packard LaserJet 3310 Copier,2879.952,-1
4861,CA-2017-101546,2017-12-18,2017-12-24,Standard Class,GK-14620,Grace Kelly,Corporate,United States,Morristown,New Jersey,7960,East,OFF-BI-10001359,Office Supplies,Binders,GBC DocuBind TL300 Electric Binding System,1793.98,-1
4866,CA-2018-122490,2018-11-13,2018-11-18,Standard Class,TT-21070,Ted Trevino,Consumer,United States,Seattle,Washington,98103,West,FUR-CH-10001215,Furniture,Chairs,Global Troy Executive Leather Low-Back Tilter,2404.704,-1
4882,CA-2018-143567,2018-11-02,2018-11-05,Second Class,TB-21175,Thomas Boland,Corporate,United States,Henderson,Kentucky,42420,South,TEC-AC-10004145,Technology,Accessories,Logitech diNovo Edge Keyboard,2249.91,-1
4992,US-2018-122714,2018-12-07,2018-12-13,Standard Class,HG-14965,Henry Goldwyn,Corporate,United States,Chicago,Illinois,60653,Central,OFF-BI-10001120,Office Supplies,Binders,Ibico EPK-21 Electric Binding System,1889.99,-1
5007,CA-2016-169796,2016-11-09,2016-11-14,Standard Class,Dp-13240,Dean percer,Home Office,United States,New York City,New York,10035,East,TEC-MA-10000045,Technology,Machines,Zebra ZM400 Thermal Label Printer,2321.9,-1
5067,CA-2018-142090,2018-11-30,2018-12-07,Standard Class,SC-20380,Shahid Collister,Consumer,United States,Burlington,North Carolina,27217,South,FUR-TA-10001889,Furniture,Tables,Bush Advantage Collection Racetrack Conference Table,1781.682,-1
5127,CA-2015-160766,2015-09-14,2015-09-14,Same Day,DM-13015,Darrin Martin,Consumer,United States,New York City,New York,10009,East,TEC-MA-10003979,Technology,Machines,Ativa V4110MDD Micro-Cut Shredder,2799.96,-1
5171,CA-2017-122903,2017-05-27,2017-05-29,Second Class,LA-16780,Laura Armstrong,Corporate,United States,Detroit,Michigan,48205,Central,FUR-CH-10002024,Furniture,Chairs,HON 5400 Series Task Chairs for Big and Tall,3504.9,-1
5186,CA-2016-134719,2016-10-10,2016-10-15,Standard Class,JD-15790,John Dryer,Consumer,United States,Jacksonville,Florida,32216,South,OFF-ST-10004459,Office Supplies,Storage,Tennsco Single-Tier Lockers,1801.632,-1
5199,CA-2017-103982,2017-03-03,2017-03-08,Standard Class,AA-10315,Alex Avila,Consumer,United States,Round Rock,Texas,78664,Central,OFF-SU-10000151,Office Supplies,Supplies,High Speed Automatic Electric Letter Opener,3930.072,-1
5301,CA-2017-113831,2017-05-30,2017-06-03,Standard Class,AH-10690,Anna Häberlin,Corporate,United States,Springfield,Virginia,22153,South,FUR-TA-10002645,Furniture,Tables,Hon Rectangular Conference Tables,2275.5,-1
5302,CA-2017-113831,2017-05-30,2017-06-03,Standard Class,AH-10690,Anna Häberlin,Corporate,United States,Springfield,Virginia,22153,South,TEC-AC-10003033,Technology,Accessories,Plantronics CS510 - Over-the-Head monaural Wireless Headset System,1979.7,-1
5321,US-2018-162558,2018-10-02,2018-10-05,First Class,Dp-13240,Dean percer,Home Office,United States,Knoxville,Tennessee,37918,South,FUR-TA-10000198,Furniture,Tables,Chromcraft Bull-Nose Wood Oval Conference Tables & Bases,2314.116,-1
5426,CA-2017-153598,2017-12-03,2017-12-06,First Class,NM-18520,Neoma Murray,Consumer,United States,Los Angeles,California,90045,West,TEC-AC-10003870,Technology,Accessories,Logitech Z-906 Speaker sys - home theater - 5.1-CH,1649.95,-1
5531,CA-2018-160885,2018-12-02,2018-12-06,Standard Class,JK-16090,Juliana Krohn,Consumer,United States,Omaha,Nebraska,68104,Central,TEC-PH-10001795,Technology,Phones,ClearOne CHATAttach 160 - speaker phone,2479.96,-1
5563,CA-2018-133263,2018-03-31,2018-04-02,Second Class,JE-15610,Jim Epp,Corporate,United States,Atlanta,Georgia,30318,South,TEC-CO-10001449,Technology,Copiers,Hewlett Packard LaserJet 3310 Copier,2999.95,-1
5627,CA-2015-126683,2015-09-29,2015-10-01,Second Class,PP-18955,Paul Prost,Home Office,United States,Seattle,Washington,98115,West,FUR-TA-10002958,Furniture,Tables,"Bevis Oval Conference Table, Walnut",2348.82,-1
5711,US-2016-160857,2016-05-08,2016-05-15,Standard Class,NW-18400,Natalie Webber,Consumer,United States,New York City,New York,10024,East,TEC-CO-10004115,Technology,Copiers,Sharp AL-1530CS Digital Copier,2799.944,-1
5757,CA-2015-163748,2015-10-14,2015-10-18,Standard Class,HG-15025,Hunter Glantz,Consumer,United States,Fort Worth,Texas,76106,Central,TEC-CO-10002095,Technology,Copiers,Hewlett Packard 610 Color Digital Copier / Printer,1999.96,-1
5885,CA-2017-136301,2017-03-13,2017-03-15,Second Class,EH-13765,Edward Hooks,Corporate,United States,San Francisco,California,94109,West,OFF-SU-10000151,Office Supplies,Supplies,High Speed Automatic Electric Letter Opener,4912.59,-1
5918,US-2016-126977,2016-09-17,2016-09-23,Standard Class,PF-19120,Peter Fuller,Consumer,United States,New York City,New York,10035,East,FUR-BO-10004834,Furniture,Bookcases,"Riverside Palais Royal Lawyers Bookcase, Royale Cherry Finish",4228.704,-1
5919,US-2016-126977,2016-09-17,2016-09-23,Standard Class,PF-19120,Peter Fuller,Consumer,United States,New York City,New York,10035,East,FUR-BO-10002213,Furniture,Bookcases,DMI Eclipse Executive Suite Bookcases,2003.92,-1
5991,US-2018-163300,2018-09-15,2018-09-21,Standard Class,ES-14020,Erica Smith,Consumer,United States,Los Angeles,California,90049,West,OFF-BI-10004390,Office Supplies,Binders,GBC DocuBind 200 Manual Binding Machine,2357.488,-1
6011,CA-2016-135580,2016-12-30,2017-01-03,Standard Class,CL-12565,Clay Ludtke,Consumer,United States,Los Angeles,California,90049,West,TEC-MA-10004002,Technology,Machines,Zebra GX420t Direct Thermal/Thermal Transfer Printer,2548.56,-1
6015,CA-2017-159016,2017-03-10,2017-03-11,First Class,KF-16285,Karen Ferguson,Home Office,United States,Los Angeles,California,90008,West,TEC-PH-10002885,Technology,Phones,Apple iPhone 5,4158.912,-1
6100,CA-2018-100111,2018-09-20,2018-09-26,Standard Class,SV-20365,Seth Vernon,Consumer,United States,New York City,New York,10035,East,FUR-CH-10004086,Furniture,Chairs,Hon 4070 Series Pagoda Armless Upholstered Stacking Chairs,2888.127,-1
6102,CA-2018-100111,2018-09-20,2018-09-26,Standard Class,SV-20365,Seth Vernon,Consumer,United States,New York City,New York,10035,East,FUR-CH-10001215,Furniture,Chairs,Global Troy Executive Leather Low-Back Tilter,2254.41,-1
6117,US-2017-113677,2017-11-13,2017-11-19,Standard Class,CM-12655,Corinna Mitchell,Home Office,United States,New York City,New York,10011,East,TEC-PH-10002114,Technology,Phones,Xiaomi Mi3,2279.96,-1
6176,CA-2016-158421,2016-09-21,2016-09-26,Standard Class,GB-14575,Giulietta Baptist,Consumer,United States,Columbia,South Carolina,29203,South,FUR-CH-10000309,Furniture,Chairs,Global Comet Stacking Arm Chair,1690.04,-1
6210,CA-2018-119809,2018-08-18,2018-08-25,Standard Class,YS-21880,Yana Sorensen,Corporate,United States,Seattle,Washington,98103,West,OFF-BI-10003925,Office Supplies,Binders,Fellowes PB300 Plastic Comb Binding Machine,2793.528,-1
6296,CA-2015-141313,2015-12-28,2016-01-01,Standard Class,AJ-10780,Anthony Jacobs,Corporate,United States,Beverly,Massachusetts,1915,East,OFF-AP-10002651,Office Supplies,Appliances,Hoover Upright Vacuum With Dirt Cup,1737.18,-1
6341,CA-2018-143112,2018-10-05,2018-10-09,Standard Class,TS-21370,Todd Sumrall,Corporate,United States,New York City,New York,10035,East,TEC-MA-10001047,Technology,Machines,"3D Systems Cube Printer, 2nd Generation, Magenta",5199.96,-1
6426,CA-2017-143714,2017-05-23,2017-05-27,Standard Class,CC-12370,Christopher Conant,Consumer,United States,Philadelphia,Pennsylvania,19120,East,TEC-CO-10004722,Technology,Copiers,Canon imageCLASS 2200 Advanced Copier,8399.976,-1
6468,CA-2017-163804,2017-12-02,2017-12-08,Standard Class,DB-13270,Deborah Brumfield,Home Office,United States,Providence,Rhode Island,2908,East,OFF-ST-10000142,Office Supplies,Storage,Deluxe Rollaway Locking File with Drawer,2079.4,-1
6521,CA-2018-138289,2018-01-16,2018-01-18,Second Class,AR-10540,Andy Reiter,Consumer,United States,Jackson,Michigan,49201,Central,OFF-BI-10004995,Office Supplies,Binders,GBC DocuBind P400 Electric Binding System,5443.96,-1
6528,CA-2017-157791,2017-12-23,2017-12-28,Second Class,CA-11965,Carol Adams,Corporate,United States,Warwick,Rhode Island,2886,East,TEC-CO-10002095,Technology,Copiers,Hewlett Packard 610 Color Digital Copier / Printer,1999.96,-1
6535,CA-2015-128209,2015-11-17,2015-11-22,Standard Class,GT-14710,Greg Tran,Consumer,United States,Buffalo,New York,14215,East,OFF-BI-10001359,Office Supplies,Binders,GBC DocuBind TL300 Electric Binding System,2152.776,-1
6536,CA-2015-128209,2015-11-17,2015-11-22,Standard Class,GT-14710,Greg Tran,Consumer,United States,Buffalo,New York,14215,East,FUR-BO-10002213,Furniture,Bookcases,DMI Eclipse Executive Suite Bookcases,4007.84,-1
6621,US-2018-167402,2018-01-13,2018-01-18,Second Class,CP-12085,Cathy Prescott,Corporate,United States,Springfield,Missouri,65807,Central,OFF-SU-10002881,Office Supplies,Supplies,Martin Yale Chadless Opener Electric Letter Opener,4164.05,-1
6627,CA-2015-145541,2015-12-14,2015-12-21,Standard Class,TB-21400,Tom Boeckenhauer,Consumer,United States,New York City,New York,10024,East,TEC-MA-10001127,Technology,Machines,"HP Designjet T520 Inkjet Large Format Printer - 24"" Color",6999.96,-1
6632,CA-2017-105081,2017-12-25,2017-12-30,Standard Class,JE-15715,Joe Elijah,Consumer,United States,Seattle,Washington,98115,West,FUR-TA-10001307,Furniture,Tables,"SAFCO PlanMaster Heigh-Adjustable Drafting Table Base, 43w x 30d x 30-37h, Black",1747.25,-1
6818,CA-2015-144414,2015-06-17,2015-06-21,Standard Class,GH-14425,Gary Hwang,Consumer,United States,Seattle,Washington,98105,West,OFF-BI-10004995,Office Supplies,Binders,GBC DocuBind P400 Electric Binding System,3266.376,-1
6827,CA-2017-118689,2017-10-02,2017-10-09,Standard Class,TC-20980,Tamara Chand,Corporate,United States,Lafayette,Indiana,47905,Central,TEC-CO-10004722,Technology,Copiers,Canon imageCLASS 2200 Advanced Copier,17499.95,-1
6869,US-2017-126452,2017-08-21,2017-08-28,Standard Class,SC-20230,Scot Coram,Corporate,United States,Los Angeles,California,90004,West,FUR-TA-10003569,Furniture,Tables,Bretford CR8500 Series Meeting Room Furniture,2887.056,-1
6877,US-2017-121013,2017-09-05,2017-09-10,Standard Class,MM-17920,Michael Moore,Consumer,United States,Chesapeake,Virginia,23320,South,FUR-TA-10003238,Furniture,Tables,"Chromcraft Bull-Nose Wood 48"" x 96"" Rectangular Conference Tables",1652.94,-1
6880,CA-2016-137113,2016-12-01,2016-12-05,Second Class,TW-21025,Tamara Willingham,Home Office,United States,Seattle,Washington,98105,West,FUR-CH-10001215,Furniture,Chairs,Global Troy Executive Leather Low-Back Tilter,2003.92,-1
6882,CA-2016-137113,2016-12-01,2016-12-05,Second Class,TW-21025,Tamara Willingham,Home Office,United States,Seattle,Washington,98105,West,FUR-TA-10001705,Furniture,Tables,Bush Advantage Collection Round Conference Table,1913.4,-1
6885,CA-2016-120677,2016-05-31,2016-06-04,Standard Class,BD-11320,Bill Donatelli,Consumer,United States,Minneapolis,Minnesota,55407,Central,FUR-CH-10002320,Furniture,Chairs,Hon Pagoda Stacking Chairs,2567.84,-1
6902,US-2018-135013,2018-07-24,2018-07-24,Same Day,HR-14830,Harold Ryan,Corporate,United States,Huntington Beach,California,92646,West,TEC-CO-10001449,Technology,Copiers,Hewlett Packard LaserJet 3310 Copier,2399.96,-1
7115,US-2017-102239,2017-05-05,2017-05-06,First Class,LW-16990,Lindsay Williams,Corporate,United States,Henderson,Nevada,89015,West,FUR-TA-10003392,Furniture,Tables,Global Adaptabilities Conference Tables,1685.88,-1
7133,CA-2018-141439,2018-11-26,2018-12-01,Standard Class,TT-21460,Tonja Turnell,Home Office,United States,Richmond,Indiana,47374,Central,TEC-PH-10002624,Technology,Phones,Samsung Galaxy S4 Mini,1879.96,-1
7174,US-2018-141677,2018-03-26,2018-03-30,Standard Class,HK-14890,Heather Kirkland,Corporate,United States,Houston,Texas,77070,Central,TEC-CO-10002313,Technology,Copiers,Canon PC1080F Personal Copier,2399.96,-1
7244,CA-2018-118892,2018-08-17,2018-08-22,Second Class,TP-21415,Tom Prescott,Consumer,United States,Philadelphia,Pennsylvania,19134,East,FUR-CH-10002024,Furniture,Chairs,HON 5400 Series Task Chairs for Big and Tall,4416.174,-1
7281,CA-2016-162782,2016-02-21,2016-02-27,Standard Class,PW-19240,Pierre Wener,Consumer,United States,Columbia,Maryland,21044,East,OFF-BI-10003527,Office Supplies,Binders,Fellowes PB500 Electric Punch Plastic Comb Binding Machine with Manual Bind,2541.98,-1
7330,US-2015-131275,2015-03-18,2015-03-24,Standard Class,SC-20050,Sample Company A,Home Office,United States,Burbank,California,91505,West,OFF-ST-10000078,Office Supplies,Storage,Tennsco 6- and 18-Compartment Lockers,1856.19,-1
7475,CA-2015-167199,2015-01-06,2015-01-10,Standard Class,ME-17320,Maria Etezadi,Home Office,United States,Henderson,Kentucky,42420,South,FUR-CH-10004063,Furniture,Chairs,Global Deluxe High-Back Manager's Chair,2573.82,-1
7488,US-2016-134558,2016-12-19,2016-12-24,Second Class,PM-19135,Peter McVee,Home Office,United States,Dover,New Hampshire,3820,East,TEC-AC-10004145,Technology,Accessories,Logitech diNovo Edge Keyboard,2249.91,-1
7510,US-2018-161935,2018-07-14,2018-07-18,Standard Class,JL-15835,John Lee,Consumer,United States,Columbus,Ohio,43229,East,TEC-PH-10000560,Technology,Phones,Samsung Galaxy S III - 16GB - pebble blue (T-Mobile),1889.946,-1
7580,CA-2016-123113,2016-11-23,2016-11-27,Second Class,AT-10735,Annie Thurman,Consumer,United States,Morristown,New Jersey,7960,East,OFF-AP-10000275,Office Supplies,Appliances,"Sanyo Counter Height Refrigerator with Crisper, 3.6 Cubic Foot, Stainless Steel/Black",2625.12,-1
7584,CA-2015-163223,2015-03-21,2015-03-25,Standard Class,KH-16690,Kristen Hastings,Corporate,United States,Springfield,Virginia,22153,South,TEC-PH-10000730,Technology,Phones,Samsung Galaxy S4 Active,3499.93,-1
7667,US-2017-140158,2017-10-04,2017-10-08,Standard Class,DR-12940,Daniel Raglin,Home Office,United States,Providence,Rhode Island,2908,East,TEC-CO-10001449,Technology,Copiers,Hewlett Packard LaserJet 3310 Copier,5399.91,-1
7680,CA-2015-133592,2015-12-31,2016-01-07,Standard Class,KM-16375,Katherine Murray,Home Office,United States,Providence,Rhode Island,2908,East,TEC-AC-10002049,Technology,Accessories,Plantronics Savi W720 Multi-Device Wireless Headset System,1687.8,-1
7684,CA-2016-120782,2016-04-28,2016-05-01,First Class,SD-20485,Shirley Daniels,Home Office,United States,Midland,Michigan,48640,Central,OFF-BI-10003527,Office Supplies,Binders,Fellowes PB500 Electric Punch Plastic Comb Binding Machine with Manual Bind,3812.97,-1
7766,US-2018-118941,2018-08-12,2018-08-12,Same Day,BB-11545,Brenda Bowman,Corporate,United States,Columbia,Maryland,21044,East,FUR-CH-10002331,Furniture,Chairs,Hon 4700 Series Mobuis Mid-Back Task Chairs with Adjustable Arms,1779.9,-1
7773,CA-2017-108196,2017-11-25,2017-12-02,Standard Class,CS-12505,Cindy Stewart,Consumer,United States,Lancaster,Ohio,43130,East,TEC-MA-10000418,Technology,Machines,Cubify CubeX 3D Printer Double Head Print,4499.985,-1
7819,CA-2017-138478,2017-10-21,2017-10-26,Second Class,DP-13390,Dennis Pardue,Home Office,United States,North Las Vegas,Nevada,89031,West,OFF-BI-10001120,Office Supplies,Binders,Ibico EPK-21 Electric Binding System,4535.976,-1
7847,CA-2016-125976,2016-09-27,2016-10-02,Standard Class,JK-15205,Jamie Kunitz,Consumer,United States,Arlington,Virginia,22204,South,TEC-PH-10002496,Technology,Phones,Cisco SPA301,1871.88,-1
7915,CA-2018-165323,2018-06-17,2018-06-21,Standard Class,SR-20740,Steven Roelle,Home Office,United States,New York City,New York,10024,East,TEC-MA-10003673,Technology,Machines,Hewlett-Packard Desktjet 6988DT Refurbished Printer,3404.5,-1
7938,CA-2018-166093,2018-08-17,2018-08-24,Standard Class,RW-19540,Rick Wilson,Corporate,United States,Brentwood,California,94513,West,OFF-AP-10001058,Office Supplies,Appliances,Sanyo 2.5 Cubic Foot Mid-Size Office Refrigerators,2518.29,-1
7998,US-2018-105998,2018-11-03,2018-11-05,First Class,CR-12580,Clay Rozendal,Home Office,United States,San Diego,California,92037,West,FUR-TA-10001095,Furniture,Tables,Chromcraft Round Conference Tables,1673.184,-1
8101,CA-2017-169663,2017-03-10,2017-03-13,First Class,RH-19510,Rick Huthwaite,Home Office,United States,Los Angeles,California,90045,West,TEC-MA-10000984,Technology,Machines,Okidata MB760 Printer,3357.6,-1
8103,CA-2016-149846,2016-05-22,2016-05-26,Standard Class,SB-20185,Sarah Brown,Consumer,United States,Los Angeles,California,90045,West,TEC-MA-10004002,Technology,Machines,Zebra GX420t Direct Thermal/Thermal Transfer Printer,2973.32,-1
8154,CA-2018-140151,2018-03-23,2018-03-25,First Class,RB-19360,Raymond Buch,Consumer,United States,Seattle,Washington,98115,West,TEC-CO-10004722,Technology,Copiers,Canon imageCLASS 2200 Advanced Copier,13999.96,-1
8169,CA-2018-107174,2018-11-06,2018-11-13,Standard Class,AB-10060,Adam Bellavance,Home Office,United States,Seattle,Washington,98105,West,FUR-TA-10004575,Furniture,Tables,Hon 5100 Series Wood Tables,2036.86,-1
8205,CA-2016-114811,2016-11-08,2016-11-08,Same Day,KD-16495,Keith Dawkins,Corporate,United States,New York City,New York,10024,East,TEC-MA-10000045,Technology,Machines,Zebra ZM400 Thermal Label Printer,4643.8,-1
8237,CA-2018-102204,2018-05-01,2018-05-06,Standard Class,CJ-12010,Caroline Jumper,Consumer,United States,Jacksonville,Florida,32216,South,FUR-CH-10002024,Furniture,Chairs,HON 5400 Series Task Chairs for Big and Tall,2803.92,-1
8270,CA-2018-121790,2018-01-30,2018-02-06,Standard Class,LP-17095,Liz Preis,Consumer,United States,Aurora,Illinois,60505,Central,TEC-PH-10002584,Technology,Phones,Samsung Galaxy S4,2003.168,-1
8272,CA-2017-169670,2017-12-25,2017-12-31,Standard Class,JE-15715,Joe Elijah,Consumer,United States,New York City,New York,10009,East,FUR-CH-10002331,Furniture,Chairs,Hon 4700 Series Mobuis Mid-Back Task Chairs with Adjustable Arms,2563.056,-1
8302,US-2018-167318,2018-07-26,2018-08-01,Standard Class,GZ-14545,George Zrebassa,Corporate,United States,Los Angeles,California,90036,West,TEC-AC-10003870,Technology,Accessories,Logitech Z-906 Speaker sys - home theater - 5.1-CH,1649.95,-1
8313,US-2018-105935,2018-01-26,2018-01-31,Standard Class,BD-11500,Bradley Drucker,Consumer,United States,Columbus,Georgia,31907,South,TEC-PH-10001459,Technology,Phones,Samsung Galaxy Mega 6.3,2939.93,-1
8425,CA-2018-150091,2018-10-12,2018-10-16,Standard Class,NP-18670,Nora Paige,Consumer,United States,Lakewood,New Jersey,8701,East,FUR-BO-10003404,Furniture,Bookcases,"Global Adaptabilites Bookcase, Cherry/Storm Gray Finish",2154.9,-1
8452,CA-2015-131387,2015-04-28,2015-04-30,First Class,AI-10855,Arianne Irving,Consumer,United States,San Francisco,California,94122,West,TEC-PH-10001459,Technology,Phones,Samsung Galaxy Mega 6.3,1679.96,-1
8469,US-2017-164196,2017-11-11,2017-11-17,Standard Class,AS-10285,Alejandro Savely,Corporate,United States,Noblesville,Indiana,46060,Central,FUR-TA-10001950,Furniture,Tables,Balt Solid Wood Round Tables,2678.94,-1
8489,CA-2017-158841,2017-02-02,2017-02-04,Second Class,SE-20110,Sanjit Engle,Consumer,United States,Arlington,Virginia,22204,South,TEC-MA-10001127,Technology,Machines,"HP Designjet T520 Inkjet Large Format Printer - 24"" Color",8749.95,-1
8681,CA-2017-143805,2017-12-01,2017-12-03,Second Class,JD-15895,Jonathan Doherty,Corporate,United States,Richmond,Virginia,23223,South,OFF-AP-10002945,Office Supplies,Appliances,Honeywell Enviracaire Portable HEPA Air Cleaner for 17' x 22' Room,2104.55,-1
8700,CA-2018-119284,2018-06-15,2018-06-20,Standard Class,TS-21205,Thomas Seio,Corporate,United States,Nashville,Tennessee,37211,South,TEC-PH-10000560,Technology,Phones,Samsung Galaxy S III - 16GB - pebble blue (T-Mobile),2239.936,-1
8750,US-2016-163825,2016-06-16,2016-06-19,First Class,LC-16885,Lena Creighton,Consumer,United States,New York City,New York,10009,East,OFF-BI-10003527,Office Supplies,Binders,Fellowes PB500 Electric Punch Plastic Comb Binding Machine with Manual Bind,3050.376,-1
8800,CA-2015-116666,2015-05-08,2015-05-10,First Class,KT-16480,Kean Thornton,Consumer,United States,Philadelphia,Pennsylvania,19134,East,TEC-CO-10001449,Technology,Copiers,Hewlett Packard LaserJet 3310 Copier,1799.97,-1
8859,CA-2018-135909,2018-10-13,2018-10-20,Standard Class,JW-15220,Jane Waco,Corporate,United States,Sacramento,California,95823,West,OFF-BI-10003527,Office Supplies,Binders,Fellowes PB500 Electric Punch Plastic Comb Binding Machine with Manual Bind,5083.96,-1
8891,CA-2017-147256,2017-10-17,2017-10-21,Second Class,FC-14245,Frank Carlisle,Home Office,United States,Columbia,Missouri,65203,Central,OFF-AP-10003057,Office Supplies,Appliances,Honeywell Enviracaire Portable HEPA Air Cleaner for 16' x 20' Room,1927.59,-1
8893,CA-2016-111038,2016-12-01,2016-12-06,Standard Class,LC-16960,Lindsay Castell,Home Office,United States,San Diego,California,92037,West,FUR-CH-10003973,Furniture,Chairs,GuestStacker Chair with Chrome Finish Legs,2676.672,-1
8991,US-2016-128587,2016-12-24,2016-12-30,Standard Class,HM-14860,Harry Marie,Corporate,United States,Springfield,Missouri,65807,Central,TEC-CO-10003763,Technology,Copiers,Canon PC1060 Personal Laser Copier,4899.93,-1
8994,CA-2018-159100,2018-10-16,2018-10-21,Standard Class,VP-21760,Victoria Pisteka,Corporate,United States,Columbia,Tennessee,38401,South,FUR-TA-10001950,Furniture,Tables,Balt Solid Wood Round Tables,1875.258,-1
9034,CA-2015-152268,2015-09-02,2015-09-07,Standard Class,SC-20095,Sanjit Chand,Consumer,United States,Fayetteville,Arkansas,72701,South,OFF-BI-10001359,Office Supplies,Binders,GBC DocuBind TL300 Electric Binding System,1793.98,-1
9040,CA-2017-117121,2017-12-17,2017-12-21,Standard Class,AB-10105,Adrian Barton,Consumer,United States,Detroit,Michigan,48205,Central,OFF-BI-10000545,Office Supplies,Binders,GBC Ibimaster 500 Manual ProClick Binding System,9892.74,-1
9057,CA-2016-160227,2016-11-02,2016-11-04,First Class,ED-13885,Emily Ducich,Home Office,United States,New York City,New York,10011,East,FUR-CH-10002073,Furniture,Chairs,Hon Olson Stacker Chairs,2621.322,-1
9166,CA-2017-100300,2017-06-24,2017-06-26,Second Class,MJ-17740,Max Jones,Consumer,United States,San Diego,California,92037,West,TEC-MA-10000984,Technology,Machines,Okidata MB760 Printer,4476.8,-1
9271,US-2018-102183,2018-08-21,2018-08-28,Standard Class,PK-19075,Pete Kriz,Consumer,United States,New York City,New York,10035,East,OFF-BI-10001359,Office Supplies,Binders,GBC DocuBind TL300 Electric Binding System,4305.552,-1
9368,CA-2015-108147,2015-06-08,2015-06-13,Standard Class,RD-19480,Rick Duston,Consumer,United States,Long Beach,New York,11561,East,OFF-ST-10003470,Office Supplies,Storage,"Tennsco Snap-Together Open Shelving Units, Starter Sets and Add-On Units",1676.88,-1
9413,CA-2016-164777,2016-01-27,2016-01-29,First Class,SC-20305,Sean Christensen,Consumer,United States,Los Angeles,California,90036,West,FUR-CH-10002024,Furniture,Chairs,HON 5400 Series Task Chairs for Big and Tall,2803.92,-1
9426,CA-2015-116246,2015-09-12,2015-09-17,Second Class,LW-17215,Luke Weiss,Consumer,United States,New York City,New York,10035,East,FUR-CH-10002024,Furniture,Chairs,HON 5400 Series Task Chairs for Big and Tall,3785.292,-1
9491,CA-2018-111738,2018-01-03,2018-01-07,Standard Class,CM-12385,Christopher Martinez,Consumer,United States,San Francisco,California,94110,West,OFF-BI-10004584,Office Supplies,Binders,GBC ProClick 150 Presentation Binding System,2022.272,-1
9514,CA-2017-125220,2017-10-14,2017-10-19,Standard Class,BE-11410,Bobby Elias,Consumer,United States,Appleton,Wisconsin,54915,Central,TEC-AC-10003033,Technology,Accessories,Plantronics CS510 - Over-the-Head monaural Wireless Headset System,1649.75,-1
9616,CA-2015-128524,2015-11-11,2015-11-13,First Class,MZ-17515,Mary Zewe,Corporate,United States,Seattle,Washington,98115,West,OFF-BI-10003527,Office Supplies,Binders,Fellowes PB500 Electric Punch Plastic Comb Binding Machine with Manual Bind,2033.584,-1
9640,CA-2016-116638,2016-01-28,2016-01-31,Second Class,JH-15985,Joseph Holt,Consumer,United States,Concord,North Carolina,28027,South,FUR-TA-10000198,Furniture,Tables,Chromcraft Bull-Nose Wood Oval Conference Tables & Bases,4297.644,-1
9650,CA-2017-107104,2017-11-26,2017-11-30,Standard Class,MS-17365,Maribeth Schnelling,Consumer,United States,Los Angeles,California,90045,West,FUR-BO-10002213,Furniture,Bookcases,DMI Eclipse Executive Suite Bookcases,3406.664,-1
9661,CA-2017-160717,2017-06-06,2017-06-11,Standard Class,ME-17320,Maria Etezadi,Home Office,United States,Santa Barbara,California,93101,West,TEC-PH-10001459,Technology,Phones,Samsung Galaxy Mega 6.3,3023.928,-1
9775,CA-2015-169019,2015-07-26,2015-07-30,Standard Class,LF-17185,Luke Foster,Consumer,United States,San Antonio,Texas,78207,Central,OFF-BI-10004995,Office Supplies,Binders,GBC DocuBind P400 Electric Binding System,2177.584,-1
